<?xml version="1.0" encoding="ISO-8859-1" ?>

<!DOCTYPE tiles-definitions PUBLIC
       "-//Apache Software Foundation//DTD Tiles Configuration 2.0//EN"
       "http://tiles.apache.org/dtds/tiles-config_2_0.dtd">

<tiles-definitions>

	<!-- Password Display -->
	<definition name="page.pwdpage" template="/views/inst/master/passworddisplay.jsp" />
	
	
	<!-- Start of Merchant  Tiles Configuration -->
	<definition name="page.listmerchant" extends="base.definition">
		<put-attribute name="title" value="Merchant" />
		<put-attribute name="body" value="/views/inst/master/SearchMerchant.jsp" />
	</definition>
	<definition name="page.newmerchant" extends="base.definition">
		<put-attribute name="title" value="Add Merchant" />
		<put-attribute name="body" value="/views/inst/master/AddMerchant.jsp" />
	</definition>

	<definition name="page.viewmerchant" extends="base.definition">
		<put-attribute name="title" value="View Merchant " />
		<put-attribute name="body"  value="/views/inst/master/viewMerchant.jsp" />
	</definition>		
	<definition name="page.editmerchant" extends="base.definition">
		<put-attribute name="title" value="Edit Merchant" />
		<put-attribute name="body"  value="/views/inst/master/editMerchant.jsp" />
	</definition>
	
	
	<!-- Added by Arunachalam G for middleware starts 14-05-2018 -->
	<definition name="page.viewpgconfig" extends="base.definition">
		<put-attribute name="title" value="view Pgconfig" />
		<put-attribute name="body"  value="/views/inst/master/viewpgconfig.jsp" />
	</definition>
	
	<definition name="page.addpgconfig" extends="base.definition">
		<put-attribute name="title" value="Add Pgconfig" />
		<put-attribute name="body"  value="/views/inst/master/addpgconfig.jsp" />
	</definition>
	

	
	<definition name="page.addPgRefresh" extends="test.definition">
    <put-attribute name="body" value="/paymentgatewayconfig.htm?actionparam=listpgconfig" />
	</definition>
	
	<definition name="page.updatePgRefresh" extends="test.definition">
    <put-attribute name="body" value="/paymentgatewayconfig.htm?actionparam=listpgconfig" />
	</definition>
	
	
	<definition name="page.modifyPgRefresh" extends="test.definition">
    <put-attribute name="body" value="/paymentgatewayconfig.htm?actionparam=listpgconfig" />
	</definition>
	
	<!-- ends middleware -->
	
	
	<definition name="page.merchantmake" extends="base.definition">
		<put-attribute name="title" value="Merchant Maker" />
		<put-attribute name="body"  value="/views/inst/master/MerchantMake.jsp" />
	</definition>
	
	<definition name="page.merchantcheck" extends="base.definition">
		<put-attribute name="title" value="Merchant Checker" />
		<put-attribute name="body"  value="/views/inst/master/MerchantCheck.jsp" />
	</definition>
	
	<definition name="page.merchantauthorize" extends="base.definition">
		<put-attribute name="title" value="Merchant Authorizer" />
		<put-attribute name="body"  value="/views/inst/master/MerchantAuthorize.jsp" />
	</definition>
	<!-- End of Merchant  Tiles Configuration -->	
	
	<definition name="page.authList" extends="base.definition">
		<put-attribute name="title" value="Preauth List" />
		<put-attribute name="body"  value="/views/transaction/Auth.jsp" />
	</definition>
	
	<definition name="page.postedList" extends="base.definition">
		<put-attribute name="title" value="Posted Transactions List" />
		<put-attribute name="body"  value="/views/transaction/Posted.jsp" />
	</definition>
	
	<definition name="page.tran.processing" extends="base.definition">
		<put-attribute name="title" value="Processing" />
		<put-attribute name="body"  value="/views/transaction/Processing.jsp" />
	</definition>
	<!-- Popup window Layout changed for Transaction Details -->
	<definition name="page.tran.tranDetails"
		template="/views/layout/TransactionDetailLayout.jsp">
		<put-attribute name="title" value="OAB iPay"/>
		<put-attribute name="header" value="/views/layout/header.jsp" />
		<put-attribute name="footer" value="/views/layout/footer.jsp" />
		<put-attribute name="body" value="/views/transaction/TransactionDetails.jsp" />
	</definition>
<!--  Popup window Old Layout  for Transaction Details
	<definition name="page.tran.tranDetails" extends="base.definition">
		<put name="title" value="PG - Transaction Details" />
		<put name="menu" value="/views/layout/xx.jsp" />
		<put name="languageheader" value="/views/layout/xx.jsp" />		
		<put name="body"  value="/views/transaction/TransactionDetails.jsp" />
	</definition>							
-->
	<!-- Start of Brand -->
	<definition name="page.brand" extends="base.definition">
		<put-attribute name="title" value="Brand" />
		<put-attribute name="body" value="/views/inst/master/Brand.jsp" />
	</definition>
	<definition name="page.brandmaker" extends="base.definition">
		<put-attribute name="title" value="Brand" />
		<put-attribute name="body" value="/views/inst/master/BrandMaker.jsp" />
	</definition>
	<definition name="page.brandchecker" extends="base.definition">
		<put-attribute name="title" value="Brand" />
		<put-attribute name="body" value="/views/inst/master/BrandChecker.jsp" />
	</definition>
	<definition name="page.brandauth" extends="base.definition">
		<put-attribute name="title" value="Brand" />
		<put-attribute name="body" value="/views/inst/master/BrandAuth.jsp" />
	</definition>						
	<definition name="page.brandnew" extends="base.definition">
		<put-attribute name="title" value="Add Brand" />
		<put-attribute name="body" value="/views/inst/master/BrandAdd.jsp" />
	</definition>		
	<definition name="page.brandedit" extends="base.definition">
		<put-attribute name="title" value="Edit Brand" />
		<put-attribute name="body" value="/views/inst/master/BrandEdit.jsp" />
	</definition>
	<definition name="page.brandview" extends="base.definition">
		<put-attribute name="title" value="View Brand" />
		<put-attribute name="body" value="/views/inst/master/BrandView.jsp" />
	</definition>
	<!-- End of Brand -->	
		
	<!-- Start of Institution -->
	<definition name="page.institutionaddedit"
		extends="base.definition">
		<put-attribute name="title" value="Add/Edit Institution" />
		<put-attribute name="body"
			value="/views/admin/institution/InstitutionAddEdit.jsp" />
	</definition>
	<definition name="page.institutionview" extends="base.definition">
		<put-attribute name="title" value="View Institution" />
		<put-attribute name="body"
			value="/views/admin/institution/InstitutionView.jsp" />
	</definition>
	<definition name="page.institutionlist" extends="base.definition">
		<put-attribute name="title" value="Institution" />
		<put-attribute name="body"
			value="/views/admin/institution/InstitutionList.jsp" />
	</definition>
	<!-- End of Institution -->
		
	<!-- Start of Key Generation -->	
	<definition name="page.instKeyCheck" extends="base.definition">
		<put-attribute name="title" value="DEK" />
		<put-attribute name="body"
			value="/views/admin/master/keygenerate.jsp" />
	</definition>
	<!-- En of Key Generation -->	
	
	<!-- Start of Terminal -->
	<definition name="page.terminallist" extends="base.definition">
		<put-attribute name="title" value="Terminal" />
		<put-attribute name="body"
			value="/views/inst/master/TerminalList.jsp" />
	</definition>
	<definition name="page.terminalcheck" extends="base.definition">
		<put-attribute name="title" value="Terminal" />
		<put-attribute name="body"
			value="/views/inst/master/TerminalCheck.jsp" />
	</definition>
	<definition name="page.terminalauthorize" extends="base.definition">
		<put-attribute name="title" value="Terminal" />
		<put-attribute name="body"
			value="/views/inst/master/TerminalAuthorize.jsp" />
	</definition>
	<definition name="page.terminaladdedit"
		extends="base.definition">
		<put-attribute name="title" value="Add/Edit Terminal" />
		<put-attribute name="body"
			value="/views/inst/master/TerminalAddEdit.jsp" />
	</definition>
	<definition name="page.terminalview" extends="base.definition">
		<put-attribute name="title" value=" View Terminal" />
		<put-attribute name="body"
			value="/views/inst/master/TerminalView.jsp" />
	</definition>
	<definition name="page.terminalmake" extends="base.definition">
		<put-attribute name="title" value="Terminal" />
		<put-attribute name="body"
			value="/views/inst/master/TerminalMake.jsp" />
	</definition>
	<!-- End of Terminal -->
	
	<!-- Start of KeyAndIV -->
	<definition name="page.keyIVSearch" extends="base.definition">
		<put-attribute name="title" value="Terminal Key Rotation" />
		<put-attribute name="body"
			value="/views/inst/master/keyIvSearchPage.jsp" />
	</definition>
	<definition name="page.keyIVList" extends="base.definition">
		<put-attribute name="title" value="Terminal Key Rotation" />
		<put-attribute name="body"
			value="/views/inst/master/keyIVListPage.jsp" />
	</definition>
	<definition name="page.confirmKeyIvRotation" extends="base.definition">
		<put-attribute name="title" value="Terminal Key Rotation" />
		<put-attribute name="body"
			value="/views/inst/master/confirmKeyIvRotation.jsp" />
	</definition>
	
	
	<!-- End of KeyAndIV -->
		
	<!-- Start of BrandType -->
	<definition name="page.brandtypelist" extends="base.definition">
		<put-attribute name="title" value="Brand Type" />
		<put-attribute name="body" value="/views/admin/master/BrandTypeList.jsp" />
	</definition>
	<definition name="page.brandtypeadd" extends="base.definition">
		<put-attribute name="title" value="Add BrandType" />
		<put-attribute name="body" value="/views/admin/master/BrandTypeAdd.jsp" />
	</definition>
	<definition name="page.brandtypeedit" extends="base.definition">
		<put-attribute name="title" value="Edit BrandType" />
		<put-attribute name="body" value="/views/admin/master/BrandTypeEdit.jsp" />
	</definition>
	<definition name="page.brandtypeView" extends="base.definition">
		<put-attribute name="title" value="View BrandType" />
		<put-attribute name="body" value="/views/admin/master/BrandTypeView.jsp" />
	</definition>
	<!-- End of BrandType -->
		
	<!-- Start of Definition for Risk -->
	<definition name="page.listnegativebin" extends="base.definition">
		<put-attribute name="title" value="Negative BIN" />
		<put-attribute name="body" value="/views/risk/NegativeBin.jsp" />
	</definition>
	<definition name="page.addnegativebin" extends="base.definition">
		<put-attribute name="title" value="Add Negative BIN" />
		<put-attribute name="body" value="/views/risk/AddNegativeBin.jsp" />
	</definition>
	<definition name="page.uploadnegativebin" extends="base.definition">
		<put-attribute name="title" value="Upload Negative BIN" />
		<put-attribute name="body" value="/views/risk/UploadNegativeBin.jsp" />
	</definition>
	<definition name="page.listnegativecard"
		extends="base.definition">
		<put-attribute name="title" value="Negative Card" />
		<put-attribute name="body" value="/views/risk/NegativeCard.jsp" />
	</definition>
	<definition name="page.addnegativecard" extends="base.definition">
		<put-attribute name="title" value="Add Negative Card" />
		<put-attribute name="body" value="/views/risk/AddNegativeCard.jsp" />
	</definition>
	<definition name="page.uploadnegativecard" extends="base.definition">
		<put-attribute name="title" value="Upload Negative Card" />
		<put-attribute name="body" value="/views/risk/UploadNegativeCard.jsp" />
	</definition>
    <definition name="page.listIPBlock" extends="base.definition">
		<put-attribute name="title" value="IP Block" />
		<put-attribute name="body" value="/views/risk/IPBlock.jsp" />
	</definition>
	<definition name="page.addIPBlock" extends="base.definition">
		<put-attribute name="title" value="Add IP Address" />
		<put-attribute name="body" value="/views/risk/AddIPBlock.jsp" />
	</definition>
	<definition name="page.listdeclinedCard" extends="base.definition">
		<put-attribute name="title" value="Declined Cards" />
		<put-attribute name="body" value="/views/risk/DeclinedCard.jsp" />
	</definition>
	<definition name="page.addDeclinedCard" extends="base.definition">
		<put-attribute name="title" value="Add Declined Card" />
		<put-attribute name="body" value="/views/risk/AddDeclinedCard.jsp" />
	</definition>
	<definition name="page.listriskProfile" extends="base.definition">
		<put-attribute name="title" value="Risk Profile" />
		<put-attribute name="body" value="/views/risk/RiskProfile.jsp" />
	</definition>
	<definition name="page.addriskProfile" extends="base.definition">
		<put-attribute name="title" value="Add Risk Profile" />
		<put-attribute name="body" value="/views/risk/AddRiskProfile.jsp" />
	</definition>
	<definition name="page.editriskProfile" extends="base.definition">
		<put-attribute name="title" value="Edit Risk Profile" />
		<put-attribute name="body" value="/views/risk/EditRiskProfile.jsp" />
	</definition>
	<definition name="page.viewriskProfile" extends="base.definition">
		<put-attribute name="title" value="View Risk Profile" />
		<put-attribute name="body" value="/views/risk/ViewRiskProfile.jsp" />
	</definition>
	<definition name="page.riskprofilemake" extends="base.definition">
		<put-attribute name="title" value="Risk Profile" />
		<put-attribute name="body" value="/views/risk/RiskProfile_Maker.jsp" />
	</definition>
	<definition name="page.riskprofilecheck" extends="base.definition">
		<put-attribute name="title" value="Risk Profile" />
		<put-attribute name="body" value="/views/risk/RiskProfile_Checker.jsp" />
	</definition>
	<definition name="page.riskprofileauthorize" extends="base.definition">
		<put-attribute name="title" value="Risk Profile" />
		<put-attribute name="body" value="/views/risk/RiskProfile_Authorizer.jsp" />
	</definition>
	<!-- <definition name="page.mastersuccess" extends="base.definition">
		<put name="title" value="PG" />
		<put name="body" value="/views/Success.jsp" />
	</definition>-->
	
	<definition name="page.profilesuccess" extends="base.definition">
		<put-attribute name="title" value="PG" />
		<put-attribute name="body" value="/views/ProfileSuccess.jsp" />
	</definition>
	
	
	<definition name="page.risksuccess" extends="base.definition">
		<put-attribute name="title" value="PG" />
		<put-attribute name="body" value="/views/Success.jsp" />
	</definition>
	<!-- End of Definition for Risk -->
		
	<!-- Start Of Processing Options -->
	<definition name="page.optionsaddlist" extends="base.definition">
		<put-attribute name="title"
			value="PG - Institutions - Processing Options" />
		<put-attribute name="body"
			value="/views/inst/master/ProcessingOptionsAdd.jsp" />
	</definition>
	<definition name="page.optionslist" extends="base.definition">
		<put-attribute name="title"
			value="PG - Institutions - Processing Options" />
		<put-attribute name="body"
			value="/views/inst/master/ProcessingOptionsList.jsp" />
	</definition>
	<definition name="page.optionseditlist" extends="base.definition">
		<put-attribute name="title"
			value="PG - Institutions - Processing Options" />
		<put-attribute name="body"
			value="/views/inst/master/ProcessingOptionsEdit.jsp" />
	</definition>
	<definition name="page.optionsdetailsview" extends="base.definition">
		<put-attribute name="title"
			value="PG - Institutions - Processing Options" />
		<put-attribute name="body"
			value="/views/inst/master/ProcessingOptionsDetailsView.jsp" />
	</definition>
	<definition name="page.optionslistmaker" extends="base.definition">
		<put-attribute name="title"
			value="PG - Institutions - Processing Options" />
		<put-attribute name="body"
			value="/views/inst/master/ProcessingOptionsListMaker.jsp" />
	</definition>
	<definition name="page.optionslistchecker" extends="base.definition">
		<put-attribute name="title"
			value="PG - Institutions - Processing Options" />
		<put-attribute name="body"
			value="/views/inst/master/ProcessingOptionsListChecker.jsp" />
	</definition>
	<definition name="page.optionslistauthorizer" extends="base.definition">
		<put-attribute name="title"
			value="PG - Institutions - Processing Options" />
		<put-attribute name="body"
			value="/views/inst/master/ProcessingOptionsListAuthorizer.jsp" />
	</definition>
	<!-- End Of Processing Options -->
		
	<!-- Start Of Merchant Category -->
	<definition name="page.mrchCategory" extends="base.definition">
	<put-attribute name="title" value="Merchant Category" />
	<put-attribute name="body" value="/views/merchantcategory/MerchantCategory.jsp" />
	</definition>
	<definition name="page.mrchCategoryNew" extends="base.definition">
		<put-attribute name="title" value="Add Merchant Category" />
		<put-attribute name="body" value="/views/merchantcategory/MerchantCategoryNew.jsp" />
	</definition>
	<definition name="page.mrchCategoryEdit"
		extends="base.definition">
		<put-attribute name="title" value="Edit Merchant Category" />
		<put-attribute name="body" value="/views/merchantcategory/MerchantCategoryEdit.jsp" />
	</definition>
	<definition name="page.mrchCategoryView"
		extends="base.definition">
		<put-attribute name="title" value="View Merchant Category" />
		<put-attribute name="body" value="/views/merchantcategory/MerchantCategoryView.jsp" />
	</definition>
	<!-- End Of Merchant Category -->
	
	<!-- Multiple Acquiring Bin Tiles Starts -->
	
	<definition name="page.multiacqbinlist" extends="base.definition">
	<put-attribute name="title" value="Multi Acquiring BIN" />
	<put-attribute name="body" value="/views/inst/master/MultipleAcqBin.jsp" />
	</definition>
	<definition name="page.multipleAcquiringBin" extends="base.definition">
	<put-attribute name="title" value="Multi Acquiring BIN" />
	<put-attribute name="body" value="/views/inst/master/MultipleAcqBinAdd.jsp" />
	</definition>
	<definition name="page.multipleacquiringbinview" extends="base.definition">
	<put-attribute name="title" value="Multi Acquiring BIN" />
	<put-attribute name="body" value="/views/inst/master/MultipleAcqBinView.jsp" />
	</definition>
	<definition name="page.multipleacquiringbinedit" extends="base.definition">
	<put-attribute name="title" value="Multi Acquiring BIN" />
	<put-attribute name="body" value="/views/inst/master/MultipleAcqBinEdit.jsp" />
	</definition>
	
	<!-- Ends Here -->
		
	<!-- Start of VPAS Merchant -->
	<definition name="page.vpasMerchantList"
	extends="base.definition">
	<put-attribute name="title" value="VPAS Merchant" />
	<put-attribute name="body" value="/views/inst/master/3DSecureMerchantList.jsp" />
	</definition>
	<definition name="page.vpasMerchantMakerList"
		extends="base.definition">
		<put-attribute name="title" value="VPAS Merchant" />
		<put-attribute name="body" value="/views/inst/master/3DSecureMerchantMakerList.jsp" />
	</definition>
	<definition name="page.vpasMerchantCheckerList"
		extends="base.definition">
		<put-attribute name="title" value="VPAS Merchant" />
		<put-attribute name="body"
			value="/views/inst/master/3DSecureMerchantCheckerList.jsp" />
	</definition>
	<definition name="page.vpasMerchantAuthorizerList"
		extends="base.definition">
		<put-attribute name="title" value="VPAS Merchant" />
		<put-attribute name="body"
			value="/views/inst/master/3DSecureMerchantAuthorizerList.jsp" />
	</definition>
	<definition name="page.vpasMerchantAdd"
		extends="base.definition">
		<put-attribute name="title" value="Add VPAS Merchant" />
		<put-attribute name="body"
			value="/views/inst/master/3DSecureMerchantAdd.jsp" />
	</definition>
	<definition name="page.vpasMerchantView"
		extends="base.definition">
		<put-attribute name="title" value="Edit VPAS Merchant" />
		<put-attribute name="body"
			value="/views/inst/master/3DSecureMerchantEdit.jsp" />
	</definition>
	<definition name="page.vpasMerchantTempView"
		extends="base.definition">
		<put-attribute name="title" value="View VPAS Merchant" />
		<put-attribute name="body"
			value="/views/inst/master/3DSecureMerchantView.jsp" />
	</definition>
	<!-- End of VPAS Merchant -->
		
	<!-- Start Of Institution Config -->
	<definition name="page.institutionConfig" extends="base.definition">
	<put-attribute name="title" value="Institution Configuration" />
	<put-attribute name="body" value="/views/admin/tools/InstitutionConfigEdit.jsp" />
	</definition>
	<definition name="page.institutionConfigView" extends="base.definition">
	<put-attribute name="title" value="Institution Configuration" />
	<put-attribute name="body" value="/views/inst/master/InstitutionConfigView.jsp" />
	</definition>
	<definition name="page.ViewinstitutionConfig" extends="base.definition">
	<put-attribute name="title" value="Institution Configuration" />
	<put-attribute name="body" value="/views/inst/master/ViewInstitutionConfig.jsp" />
	</definition>
	<!-- End Of Institution Config -->
		
		
	<!-- Start of PCS settings-->
	<definition name="page.pcsinfoView"
		extends="base.definition">
		<put-attribute name="title" value="PG - PCS" />
		<put-attribute name="body" value="/views/pcs/PcsInfoList.jsp" />
	</definition>
	<definition name="page.pcsinfoEdit"
		extends="base.definition">
		<put-attribute name="title" value="PG - PCS" />
		<put-attribute name="body" value="/views/pcs/PcsInfoEdit.jsp" />
	</definition>
	<definition name="page.pcsinfoAdd"
		extends="base.definition">
		<put-attribute name="title" value="PG - PCS" />
		<put-attribute name="body" value="/views/pcs/PcsInfoAdd.jsp" />
	</definition>
	<definition name="page.pcsprdView"
		extends="base.definition">
		<put-attribute name="title" value="PG - PCS" />
		<put-attribute name="body" value="/views/pcs/PcsProductList.jsp" />
	</definition>
	<definition name="page.pcsprdAdd"
			extends="base.definition">
			<put-attribute name="title" value="PG - PCS" />
			<put-attribute name="body" value="/views/pcs/PcsProductAdd.jsp" />
	</definition>
	<definition name="page.pcsprdEdit"
			extends="base.definition">
			<put-attribute name="title" value="PG - PCS" />
			<put-attribute name="body" value="/views/pcs/PcsProductEdit.jsp" />
	</definition>
	<definition name="page.pcscampaignView"
		extends="base.definition">
		<put-attribute name="title" value="PG - PCS" />
		<put-attribute name="body" value="/views/pcs/PcsCampaignList.jsp" />
	</definition>
	<definition name="page.pcscampaignAdd"
		extends="base.definition">
		<put-attribute name="title" value="PG - PCS" />
		<put-attribute name="body" value="/views/pcs/PcsCampaignAdd.jsp" />
	</definition>
	<definition name="page.pcscampaignEdit"
			extends="base.definition">
			<put-attribute name="title" value="PG - PCS" />
			<put-attribute name="body" value="/views/pcs/PcsCampaignEdit.jsp" />
	</definition>
	<definition name="page.successCampaign"
			extends="base.definition">
			<put-attribute name="title" value="PG - PCS" />
			<put-attribute name="body" value="/views/pcs/SuccessCampaign.jsp" />
	</definition>
	<definition name="page.pcsuploadView"
		extends="base.definition">
		<put-attribute name="title" value="PG - PCS" />
		<put-attribute name="body" value="/views/pcs/PcsUploadFile.jsp" />
	</definition>
	<definition name="page.uploadView"
		extends="base.definition">
		<put-attribute name="title" value="PG - PCS" />
		<put-attribute name="body" value="/views/pcs/PcsUploadClientFile.jsp" />
	</definition>
	<definition name="page.pcsViewScreen"
		extends="base.definition">
		<put-attribute name="title" value="PG - PCS" />
		<put-attribute name="body" value="/views/pcs/PcsView.jsp" />
	</definition>
	<definition name="page.pcsViewAdd"
		extends="base.definition">
		<put-attribute name="title" value="PG - PCS" />
		<put-attribute name="body" value="/views/pcs/PcsViewAdd.jsp" />
	</definition>
	<definition name="page.pcsViewSuccess"
		extends="base.definition">
		<put-attribute name="title" value="PG - PCS" />
		<put-attribute name="body" value="/views/Success.jsp" />
	</definition>
	<definition name="page.pcsTranLog"
		extends="base.definition">
		<put-attribute name="title" value="PG - PCS" />
		<put-attribute name="body"
			value="/views/pcs/PcsTranLog.jsp" />
	</definition>
	<definition name="page.pcsinfoViewmake"
		extends="base.definition">
		<put-attribute name="title" value="PG - PCS" />
		<put-attribute name="body" value="/views/pcs/PcsInfoListMaker.jsp" />
	</definition>
	<definition name="page.pcsinfoViewcheck"
		extends="base.definition">
		<put-attribute name="title" value="PG - PCS" />
		<put-attribute name="body" value="/views/pcs/PcsInfoListChecker.jsp" />
	</definition>
	<definition name="page.pcsinfoViewauthorize"
		extends="base.definition">
		<put-attribute name="title" value="PG - PCS" />
		<put-attribute name="body" value="/views/pcs/PcsInfoListAuth.jsp" />
	</definition>
	<definition name="page.pcsprdViewmake"
		extends="base.definition">
		<put-attribute name="title" value="PG - PCS" />
		<put-attribute name="body" value="/views/pcs/PcsProductListMaker.jsp" />
	</definition>
	<definition name="page.pcsprdViewcheck"
		extends="base.definition">
		<put-attribute name="title" value="PG - PCS" />
		<put-attribute name="body" value="/views/pcs/PcsProductListChecker.jsp" />
	</definition>
	<definition name="page.pcsprdViewauthorize"
		extends="base.definition">
		<put-attribute name="title" value="PG - PCS" />
		<put-attribute name="body" value="/views/pcs/PcsProductListAuth.jsp" />
	</definition>
	<definition name="page.pcscampaignViewmake"
		extends="base.definition">
		<put-attribute name="title" value="PG - PCS" />
		<put-attribute name="body" value="/views/pcs/PcsCampaignListMaker.jsp" />
	</definition>
	<definition name="page.pcscampaignViewcheck"
		extends="base.definition">
		<put-attribute name="title" value="PG - PCS" />
		<put-attribute name="body" value="/views/pcs/PcsCampaignListChecker.jsp" />
	</definition>
	<definition name="page.pcscampaignViewauthorize"
		extends="base.definition">
		<put-attribute name="title" value="PG - PCS" />
		<put-attribute name="body" value="/views/pcs/PcsCampaignListAuth.jsp" />
	</definition>
	<definition name="page.resourceFilelist"
		extends="base.definition">
		<put-attribute name="title" value="Generate Resource File" />
		<put-attribute name="body" value="/views/inst/master/GenerateResourceFileView.jsp" />
	</definition>
	<!-- End of PCS Settings -->
	
	<!-- Start Of Report Column Display For Institution -->
	<definition name="page.reportColumnDisplayAdd" extends="base.definition">
		<put-attribute name="title" value="PG - Report Master" />
		<put-attribute name="body" value="/views/report/reporttemplate/ReportColumnDisplayAdd.jsp" />
	</definition>
	
	<definition name="page.reportColumnDisplayList" extends="base.definition">
		<put-attribute name="title" value="Report Column Display" />
		<put-attribute name="body" value="/views/report/reporttemplate/ReportDisplayColumnList.jsp" />
	</definition>
	<definition name="page.reportColumnDisplaySummaryList" extends="base.definition">
		<put-attribute name="title" value="PG - Report Master" />
		<put-attribute name="body" value="/views/report/reporttemplate/ReportSummaryList.jsp" />
	</definition>
	<definition name="page.reportColumnDisplayEdit" extends="base.definition">
		<put-attribute name="title" value="Edit Report Column Display" />
		<put-attribute name="body" value="/views/report/reporttemplate/ReportColumnDisplayEdit.jsp" />
	</definition>
	<definition name="page.reportSummaryDisplayEdit" extends="base.definition">
		<put-attribute name="title" value="Report Column Display" />
		<put-attribute name="body" value="/views/report/reporttemplate/ReportSummaryDisplayEdit.jsp" />
	</definition>
	
	<definition name="page.orderDetailSearchDetailedView" extends="base.definition">
		<put-attribute name="title" value="PG Report View" />
		<put-attribute name="body" value="/views/report/bankreports/OrderDetailSearchDetailedView.jsp" />
	</definition>
	
	<definition name="page.uploadInstView" extends="base.definition">
		<put-attribute name="title" value="Institution Branding" />
		<put-attribute name="body" value="/views/inst/master/UploadLayout.jsp" />
	</definition>
	
	<definition name="page.noRecordsFound" extends="base.definition">
		<put-attribute name="title" value="Report Master" />
		<put-attribute name="body" value="/views/error/NoRecords.jsp" />
	</definition>
	<!-- End of Report Column Display for Institution A.Arunkumar -->
	
	<!-- Monisha S - Canara Bank Report Starts -->
	<definition name="page.canaraBankReport" extends="base.definition">
		<put-attribute name="title" value="Report Master" />
		<put-attribute name="body" value="/views/report/bankreports/canaraBankReport.jsp" />
	</definition>
	
	<!-- Canara Bank Report Ends  -->
	
	<definition name="page.batchListReport"
		extends="base.definition">
		<put-attribute name="title" value="Batch Report" />
		<put-attribute name="body"
			value="/views/inst/master/BatchListDownload.jsp" />
	</definition>

	<!-- Start of Order Summary Report -->
	<definition name="page.ordersummaryreport" extends="base.definition">
		<put-attribute name="title" value="Order Summary Report" />
		<put-attribute name="body" value="/views/report/bankreports/OrderSummaryReport.jsp" />
	</definition>
	<definition name="page.ordersummaryreportmerchant" extends="base.definition">
		<put-attribute name="title" value="Order Summary Report" />
		<put-attribute name="body" value="/views/report/merchantreports/OrderSummaryReportMerchant.jsp" />
	</definition>
	<definition name="page.ordersummaryreportssomerchant" extends="base.definition">
		<put-attribute name="title" value="Order Summary Report" />
		<put-attribute name="body" value="/views/report/ssomerchantreports/OrderSummaryReportSSOMerchant.jsp" />
	</definition>
	<!-- End of Order Summary Report -->
	
	<!-- Start of Bin Activity Report -->
	<definition name="page.binactivityreport" extends="base.definition">
		<put-attribute name="title" value="Bin Activity Report" />
		<put-attribute name="body" value="/views/report/bankreports/BinActivityReport.jsp" />
	</definition>
	<!-- End of Bin Activity Report -->
	
	<!-- Start Of Batch Process For Institution -->
	<definition name="page.batchView"
		extends="base.definition">
		<put-attribute name="title" value="Batch Process" />
		<put-attribute name="body"
			value="/views/inst/master/BatchView.jsp" />
	</definition>
	
	<definition name="page.batchViewMaker"
		extends="base.definition">
		<put-attribute name="title" value="Batch Process" />
		<put-attribute name="body"
			value="/views/inst/master/BatchViewMaker.jsp" />
	</definition>

<definition name="page.batchViewcheck"
		extends="base.definition">
		<put-attribute name="title" value="Batch Process" />
		<put-attribute name="body"
			value="/views/inst/master/BatchViewChecker.jsp" />
	</definition>
	
	
	<definition name="page.batchViewauthorize"
		extends="base.definition">
		<put-attribute name="title" value="Batch Process" />
		<put-attribute name="body"
			value="/views/inst/master/BatchViewAuthorizer.jsp" />
	</definition>


	<definition name="page.batchSchedulingView" extends="base.definition">
		<put-attribute name="title" value="Schedule Batch" />
		<put-attribute name="body" value="/views/inst/master/BatchShedulingView.jsp" />
	</definition>
		<!-- Ends Batch Process -->
		
			<!-- VPAS -->
	
	<definition name="page.PAReq" extends="base.definition">
		<put-attribute name="title" value="PG - PARes" />
		<put-attribute name="body"  value="/views/vpas/PAReq.jsp" />
	</definition>
	
	<definition name="page.VPASSucess" extends="base.definition">
		<put-attribute name="title" value="PG - PARes" />
		<put-attribute name="body"  value="/views/vpas/VPASSucess.jsp" />
	</definition>
	  
	<definition name="page.orderDetailReportView" extends="base.definition">
		<put-attribute name="title" value="Report Master" />
		<put-attribute name="body" value="/views/report/bankreports/OrderDetailReportView.jsp" />
	</definition>
	
	<definition name="page.batchReportList"
		extends="base.definition">
		<put-attribute name="title" value="Batch Report" />
		<put-attribute name="body"
			value="/views/inst/master/BatchReportList.jsp" />
	</definition>
	
	<definition name="page.batchInstitutionReport"
		extends="base.definition">
		<put-attribute name="title" value="Batch Process" />
		<put-attribute name="body"
			value="/views/inst/master/BatchInstitutionReport.jsp" />
	</definition>
	
	<definition name="page.InstOrderList"
		extends="base.definition">
		<put-attribute name="title" value="Order List" />
		<put-attribute name="body"
			value="/views/inst/master/OrderList.jsp" />
	</definition>
	
	<definition name="page.InstOrderDetailList"
		extends="base.definition">
		<put-attribute name="title" value="Order List Details" />
		<put-attribute name="body" value="/views/inst/master/OrderListDetailView.jsp" />
	</definition>
	
	<definition name="page.InstOrderTranList"
		extends="base.definition">
		<put-attribute name="title" value="PG - Order List Transactions" />
		<put-attribute name="body" value="/views/inst/master/OrderListTran.jsp" />
	</definition>

	<definition name="page.ecomregister" template="/views/payment/RegisterEcom.jsp">
		<put-attribute name="title" value="Ecom Registration page" />
		<put-attribute name="header" value="/views/layout/header.jsp" />
		<put-attribute name="footer" value="/views/layout/footer.jsp" />
	</definition>
	
	<!-- Ecom Tiles configuration  -->
	
	<definition name="page.registerhelp" template="/views/payment/EcomRegisterHelp.jsp">
		<put-attribute name="title" value="Ecom Registration page" />
		<!-- <put-attribute name="header" value="/views/layout/header.jsp" />
		<put-attribute name="footer" value="/views/layout/footer.jsp" /> -->
	</definition>
	
	<definition name="page.sample" template="/views/payment/sample.jsp">
		<put-attribute name="title" value="Ecom Registration page" />
		<put-attribute name="header" value="/views/layout/header.jsp" />
		<put-attribute name="footer" value="/views/layout/footer.jsp" />
	</definition>
	
	<definition name="page.ecomSucess" template="/views/payment/EcomResult.jsp">
		<put-attribute name="title" value="Ecom Result page" />
		<put-attribute name="header" value="/views/layout/header.jsp" />
		<put-attribute name="footer" value="/views/layout/footer.jsp" />
	</definition>

	<definition name="page.cancelecom" template="/views/payment/CancelEcom.jsp">
		<put-attribute name="title" value="Ecom Result page" />
		<put-attribute name="header" value="/views/layout/header.jsp" />
		<put-attribute name="footer" value="/views/layout/footer.jsp" />
	</definition>

	<!-- Added by Vijayarumugam for OrderList Successful Transactdion entry -->
	<definition name="page.InstOrderTransaction"
		extends="base.definition">
		<put-attribute name="title" value="Order Transaction" />
		<put-attribute name="body"
			value="/views/inst/master/OrderListTransaction.jsp" />
	</definition>
	<definition name="page.InstOrderDetail"
		extends="base.definition">
		<put-attribute name="title" value="Order Detail" />
		<put-attribute name="body"
			value="/views/inst/master/OrderListDetail.jsp" />
	</definition>
	
	<!--  End here -->


	
	<!-- Added by Vijayarumugam for ECOM PIN MAP -->
	
		<definition name="page.EcomMap"
		extends="base.definition">
		<put-attribute name="title" value="Ecom Map" />
		<put-attribute name="body"
			value="/views/inst/master/ListEcomMap.jsp" />
	</definition>
	<definition name="page.AddEcomMap"
		extends="base.definition">
		<put-attribute name="title" value="Add Ecom Map" />
		<put-attribute name="body"
			value="/views/inst/master/AddEcomMap.jsp" />
	</definition>
	<definition name="page.EditEcomMap"
		extends="base.definition">
		<put-attribute name="title" value="Edit Ecom Map" />
		<put-attribute name="body"
			value="/views/inst/master/AddEcomMap.jsp" />
	</definition>
	<definition name="page.ViewEcomMap"
		extends="base.definition">
		<put-attribute name="title" value="View Ecom Map" />
		<put-attribute name="body"
			value="/views/inst/master/ViewEcomMap.jsp" />
	</definition>
	<definition name="page.ecomMapmake" extends="base.definition">
		<put-attribute name="title" value="Ecom Map" />
		<put-attribute name="body"
			value="/views/inst/master/EcomMapMake.jsp" />
	</definition>
	<definition name="page.ecomMapcheck" extends="base.definition">
		<put-attribute name="title" value="Ecom Map" />
		<put-attribute name="body"
			value="/views/inst/master/EcomMapCheck.jsp" />
	</definition>
	<definition name="page.ecomMapauthorize" extends="base.definition">
		<put-attribute name="title" value="Ecom Map" />
		<put-attribute name="body"
			value="/views/inst/master/EcomMapAuthorize.jsp" />
	</definition>
	<!--  End here -->

	
	<!-- Start of System news -->
	<definition name="page.editsystemnews" extends="base.definition">
		<put-attribute name="title" value="System News" />
		<put-attribute name="body" value="/views/systemnews/EditSystemNews.jsp" />
	</definition>
	<definition name="page.editmrchguidelines" extends="base.definition">
		<put-attribute name="title" value="Merchant Guidelines" />
		<put-attribute name="body" value="/views/systemnews/EditSystemNews.jsp" />
	</definition>
	<definition name="page.listsystemnewsmrch" extends="base.definition">
		<put-attribute name="title" value="System News" />
		<put-attribute name="body" value="/views/systemnews/ListSystemNewsMrch.jsp" />
	</definition>
	<definition name="page.listguidelinessmrch" extends="base.definition">
		<put-attribute name="title" value="System News" />
		<put-attribute name="body" value="/views/systemnews/ListGuidelinesMrch.jsp" />
	</definition>
	
	<!-- End of System news -->
	<!-- Start of FAQ -->
	<definition name="page.listfaq" extends="base.definition">
		<put-attribute name="title" value="FAQ" />
		<put-attribute name="body" value="/views/faq/ListFaq.jsp" />
	</definition>
	<definition name="page.addfaq" extends="base.definition">
		<put-attribute name="title" value="Add FAQ" />
		<put-attribute name="body" value="/views/faq/AddFaq.jsp" />
	</definition>
	<definition name="page.viewfaq" extends="base.definition">
		<put-attribute name="title" value="View FAQ" />
		<put-attribute name="body" value="/views/faq/ViewFaq.jsp" />
	</definition>
	<definition name="page.editfaq" extends="base.definition">
		<put-attribute name="title" value="Edit FAQ" />
		<put-attribute name="body" value="/views/faq/EditFaq.jsp" />
	</definition>
	<definition name="page.listfaqmrch" extends="base.definition">
		<put-attribute name="title" value="FAQ" />
		<put-attribute name="body" value="/views/faq/ListFaqMrch.jsp" />
	</definition>
	
	<definition name="page.cftmerchList" extends="base.definition">
		<put-attribute name="title" value="PG - FAQ" />
		<put-attribute name="body" value="/views/inst/master/CFTBatchInstList.jsp" />
	</definition>
	
	
	<definition name="page.batchValidateView" extends="base.definition">
		<put-attribute name="title" value="PG - FAQ" />
		<put-attribute name="body" value="/views/inst/master/CFTValidateView.jsp" />
	</definition>
	
	<definition name="page.cftBatchInstView" extends="base.definition">
		<put-attribute name="title" value="PG - FAQ" />
		<put-attribute name="body" value="/views/inst/master/CFTBatchInstView.jsp" />
	</definition>
	
<definition name="page.cftBatchInstEntryView" extends="base.definition">
		<put-attribute name="title" value="PG - FAQ" />
		<put-attribute name="body" value="/views/inst/master/CFTBatchInstEntryView.jsp" />
	</definition>
	<!-- End of FAQ -->
	
	<definition name="page.sendMailView" extends="base.definition">
		<put-attribute name="title" value="Resend Password" />
		<put-attribute name="body" value="/views/inst/master/SendMailInst.jsp" />
	</definition>
	
	<definition name="page.viewauthorization" extends="base.definition">
		<put-attribute name="title" value="Preauth" />
		<put-attribute name="body" value="/views/transaction/viewAuthorization.jsp" />
	</definition>
	
	<definition name="page.posttransactions" extends="base.definition">
		<put-attribute name="title" value="Posted Transaction" />
		<put-attribute name="body" value="/views/transaction/viewPostedTransactions.jsp" />
	</definition>
	
	
	<definition name="test.definition" template="/views/layout/IpayLayout.jsp">
		<put-attribute name="title" value="" />
		<put-attribute name="header" value="" />
		<put-attribute name="languageheader" value="" />
		<put-attribute name="menu" value="" />
		<put-attribute name="footer" value="" />
	</definition>
	
	
	<definition name="page.merchantRefresh" extends="test.definition">
    <put-attribute name="body" value="/RegisterMerchant.htm?merchantAction=listMerchant" />
	</definition>
	
	<definition name="page.terminalRefresh" extends="test.definition">
    <put-attribute name="body" value="/terminal.htm?actionparam=listTerminal" />
	</definition>
	
	<definition name="page.keyIvRotateRefresh" extends="test.definition">
    <put-attribute name="body" value="/keyAndIV.htm?actionparam=viewMerchTermList" />
	</definition>
	
	<definition name="page.3dmrchRefresh" extends="test.definition">
    <put-attribute name="body" value="/VPASMerchant.htm?VPASMerchantParam=VPASMerchantList" />
	</definition>
	
	<definition name="page.brandRefresh" extends="test.definition">
    <put-attribute name="body" value="/Brand.htm?config=list" />
	</definition>
	
	<definition name="page.crncyRefresh" extends="test.definition">
    <put-attribute name="body" value="/Currency.htm?pgconfig=listCurr" />
	</definition>
	
	<definition name="page.passwordSecurityRefresh" extends="test.definition">
    <put-attribute name="body" value="/PasswordSecurity.htm?param=listPasswordSecurity" />
	</definition>
	
	<definition name="page.passwordSecurityInstRefresh" extends="test.definition">
    <put-attribute name="body" value="/PasswordSecurity.htm?param=listInstPasswordSecurity" />
	</definition>
	
	<definition name="page.mrchCtgryRefresh" extends="test.definition">
    <put-attribute name="body" value="/MerchantCategory.htm?config=list" />
	</definition>
	
	<definition name="page.brandingInstRefresh" extends="test.definition">
    <put-attribute name="body" value="/uploadfiles.htm?actionparam=uploadInstList" />
	</definition>
	
	<definition name="page.brandingMrchRefresh" extends="test.definition">
    <put-attribute name="body" value="/uploadfilesmrch.htm?actionparam=uploadMrchList" />
	</definition>
	
	<definition name="page.gnrtRsrcFlRefresh" extends="test.definition">
    <put-attribute name="body" value="/GenerateResourceFile.htm?actionparam=viewResourceFile" />
	</definition>
	
	<definition name="page.instRefresh" extends="test.definition">
    <put-attribute name="body" value="/institution.htm?actionparam=listInstitution" />
	</definition>
	
	<definition name="page.feesRefresh" extends="test.definition">
    <put-attribute name="body" value="/Fees.htm?param=listFees" />
	</definition>
	
	<definition name="page.ssoRefresh" extends="test.definition">
    <put-attribute name="body" value="/Sso.htm?actionparam=listSso" />
	</definition>
	
	<definition name="page.sendMailRefresh" extends="test.definition">
    <put-attribute name="body" value="/sendInstMail.htm?actionparam=sendMailListEmpty" />
	</definition>
	
	<definition name="page.pluginDownloadRefresh" extends="test.definition">
    <put-attribute name="body" value="/PluginDownload.htm?param=pluginList" />
	</definition>
	
	<definition name="page.extrnConRefresh" extends="test.definition">
    <put-attribute name="body" value="/ExtrConnection.htm?pgconfig=extrConn" />
	</definition>
	
	<definition name="page.batchTypeRefresh" extends="test.definition">
    <put-attribute name="body" value="/BrandTypeList.htm?actionparam=brandList" />
	</definition>
	
	<definition name="page.cardKeyRefresh" extends="test.definition">
    <put-attribute name="body" value="/Key.htm?actionparam=keycheckView" />
	</definition>
	
	<definition name="page.KEKRefresh" extends="test.definition">
    <put-attribute name="body" value="/Key.htm?actionparam=searchKEKView" />
	</definition>
	
	<definition name="page.reportMasterRefresh" extends="test.definition">
    <put-attribute name="body" value="/reportMaster.htm?reportMasterParam=reportTemplateList" />
	</definition>
	
	<definition name="page.multiAcqBinRefresh" extends="test.definition">
    <put-attribute name="body" value="/multipleAcqBin.htm?pgconfig=list" />
	</definition>
	
	<definition name="page.reportRefresh" extends="test.definition">
    <put-attribute name="body" value="/ReportEngine.htm?actionparam=reportList" />
	</definition>
	
	<definition name="page.systemNewsRefresh" extends="test.definition">
    <put-attribute name="body" value="/systemNews.htm?actionparam=editSystemNews" />
	</definition>
	
	<definition name="page.mrchGuidelinesRefresh" extends="test.definition">
    <put-attribute name="body" value="/systemNews.htm?actionparam=editMrchGuidelines" />
	</definition>
	
	<definition name="page.faqRefresh" extends="test.definition">
    <put-attribute name="body" value="/faq.htm?actionparam=listFaq" />
	</definition>
	
	<definition name="page.userMenuRefresh" extends="test.definition">
    <put-attribute name="body" value="/UserMenu.htm?pgconfig=prcsUserMenu" />
	</definition>
	
	<definition name="page.ecommapRefresh" extends="test.definition">
    <put-attribute name="body" value="/listEcomMap.htm?actionparam=listEcomMap" />
	</definition>
	
	<definition name="page.ssoMapRefresh" extends="test.definition">
    <put-attribute name="body" value="/SSOMapping.htm?actionparam=listSsoMapping" />
	</definition>
	
	<definition name="page.batchRefresh" extends="test.definition">
    <put-attribute name="body" value="/Batchview.htm?actionparam=batchView" />
	</definition>
	
	<definition name="page.batchProgressRefresh" extends="test.definition">
    <put-attribute name="body" value="/BatchProgress.htm?actionparam=batchProgressList" />
	</definition>
	
	<definition name="page.batchUploadRefresh" extends="test.definition">
    <put-attribute name="body" value="/Batchupload.htm?actionparam=batchUploadView" />
	</definition>
	
	<definition name="page.batchUploadRefresh" extends="test.definition">
    <put-attribute name="body" value="/Batchupload.htm?actionparam=batchUploadView" />
	</definition>
	
	<!-- Added for batch tokenization -->
	<definition name="page.tokenBatchRefresh" extends="test.definition">
	<put-attribute name="body" value="/Batchupload.htm?actionparam=tokenUploadView" />
	</definition>
	
	<definition name="page.riskRefresh" extends="test.definition">
    <put-attribute name="body" value="/RiskProfile.htm?actionRiskProfile=listAll" />
	</definition>
	
	<definition name="page.negativecardRefresh" extends="test.definition">
    <put-attribute name="body" value="/NegativeCard.htm?actionNegativeCard=listAll" />
	</definition>
	
	<definition name="page.negativebinRefresh" extends="test.definition">
    <put-attribute name="body" value="/NegativeBin.htm?actionNegativeBin=listAll" />
	</definition>
	
	<definition name="page.declinedcardRefresh" extends="test.definition">
    <put-attribute name="body" value="/DeclinedCard.htm?actionDeclinedCard=listAll" />
	</definition>
	
	<definition name="page.batchProgressremove" extends="test.definition">
    <put-attribute name="body" value="/BatchProgress.htm?actionparam=batchProgressList" />
	</definition>
	
	<definition name="page.ssoreportcolumn" extends="test.definition">
    <put-attribute name="body" value="/reportColumnDisplay.htm?reportColumnDisplayParam=reportTemplateList" />
	</definition>
	
	<definition name="page.negativecard" extends="test.definition">
    <put-attribute name="body" value="/NegativeCard.htm?actionNegativeCard=listAll" />
	</definition>
	
	<definition name="page.ipblockRefresh" extends="test.definition">
    <put-attribute name="body" value="/IPBlock.htm?actionIPBlock=listAll" />
	</definition>
	
	<definition name="page.mcausergrp" extends="test.definition">
    <put-attribute name="body" value="/McaGroup.htm?actionMcaGroup=listAll" />
	</definition>
	
	<definition name="page.usrRole" extends="test.definition">
    <put-attribute name="body" value="/userrole.htm?actionparam=listRole" />
	</definition>
	
	<definition name="page.billingFeesRefresh" extends="test.definition">
    <put-attribute name="body" value="/billingFees.htm?actionparam=listBillingFees" />
	</definition>
	
	<definition name="page.otpuploadfresh" extends="test.definition">
    <put-attribute name="body" value="/OTPUpload.htm?actionparam=listOtp" />
	</definition>
	
	<definition name="page.maestroBatchUploadRefresh" extends="test.definition">
    <put-attribute name="body" value="/maestrobatch.htm?actionparam=maestroUploadScreen&amp;uploadview=1" />
	</definition>
	
	
	<!-- Commented for Tiles definition migratated from tiles 1.1 to 2.0 Starts 
	<definition name="page.merchantRefresh" template="/RegisterMerchant.htm?merchantAction=listMerchant" />
	<definition name="page.terminalRefresh" template="/terminal.htm?actionparam=listTerminal" />
	<definition name="page.keyIvRotateRefresh" template="/keyAndIV.htm?actionparam=viewMerchTermList" />
	<definition name="page.3dmrchRefresh" template="/VPASMerchant.htm?VPASMerchantParam=VPASMerchantList" />
	<definition name="page.brandRefresh" template="/Brand.htm?config=list" />
	<definition name="page.crncyRefresh" template="/Currency.htm?pgconfig=listCurr" />
	<definition name="page.passwordSecurityRefresh" template="/PasswordSecurity.htm?param=listPasswordSecurity" />
	<definition name="page.passwordSecurityInstRefresh" template="/PasswordSecurity.htm?param=listInstPasswordSecurity" />
	<definition name="page.mrchCtgryRefresh" template="/MerchantCategory.htm?config=list" />
	<definition name="page.brandingInstRefresh" template="/uploadfiles.htm?actionparam=uploadInstList" />
	<definition name="page.brandingMrchRefresh" template="/uploadfilesmrch.htm?actionparam=uploadMrchList" />
	<definition name="page.gnrtRsrcFlRefresh" template="/GenerateResourceFile.htm?actionparam=viewResourceFile" />
	<definition name="page.instRefresh" template="/institution.htm?actionparam=listInstitution" /> 
	<definition name="page.feesRefresh" template="/Fees.htm?param=listFees" />
	<definition name="page.ssoRefresh" template="/Sso.htm?actionparam=listSso" />
	<definition name="page.sendMailRefresh" template="/sendInstMail.htm?actionparam=sendMailList" />
	<definition name="page.pluginDownloadRefresh" template="/PluginDownload.htm?param=pluginList" />
	<definition name="page.extrnConRefresh" template="/ExtrConnection.htm?pgconfig=extrConn" />
	<definition name="page.batchTypeRefresh" template="/BrandTypeList.htm?actionparam=brandList" />
	<definition name="page.cardKeyRefresh" template="/Key.htm?actionparam=keycheckView" />
	<definition name="page.KEKRefresh" template="/Key.htm?actionparam=searchKEKView" />
	<definition name="page.reportMasterRefresh" template="/reportMaster.htm?reportMasterParam=reportTemplateList" />
	<definition name="page.multiAcqBinRefresh" template="/multipleAcqBin.htm?pgconfig=list" />
	<definition name="page.reportRefresh" template="/ReportEngine.htm?actionparam=reportList" />
	<definition name="page.systemNewsRefresh" template="/systemNews.htm?actionparam=editSystemNews" />
	<definition name="page.mrchGuidelinesRefresh" template="/systemNews.htm?actionparam=editMrchGuidelines" />
	<definition name="page.faqRefresh" template="/faq.htm?actionparam=listFaq" />
	<definition name="page.userMenuRefresh" template="/UserMenu.htm?pgconfig=prcsUserMenu" />
	<definition name="page.ecommapRefresh" template="/listEcomMap.htm?actionparam=listEcomMap" />
	<definition name="page.ssoMapRefresh" template="/SSOMapping.htm?actionparam=listSsoMapping" />
	<definition name="page.batchRefresh" template="/Batchview.htm?actionparam=batchView" />
	<definition name="page.batchProgressRefresh" template="/BatchProgress.htm?actionparam=batchProgressList" />
	<definition name="page.batchUploadRefresh" template="/Batchupload.htm?actionparam=batchUploadView" />
	<definition name="page.riskRefresh" template="/RiskProfile.htm?actionRiskProfile=listAll" />
	<definition name="page.negativecardRefresh" template="/NegativeCard.htm?actionNegativeCard=listAll" />
	<definition name="page.negativebinRefresh" template="/NegativeBin.htm?actionNegativeBin=listAll" />
	<definition name="page.mrchnegativebinRefresh" template="/NegativeBin.htm?actionNegativeBin=mrchListAll" />
	<definition name="page.declinedcardRefresh" template="/DeclinedCard.htm?actionDeclinedCard=listAll" />
	<definition name="page.batchProgressremove" template="/BatchProgress.htm?actionparam=batchProgressList" />
	<definition name="page.ssoreportcolumn" template="/reportColumnDisplay.htm?reportColumnDisplayParam=reportTemplateList" />
	<definition name="page.negativecard" template="/NegativeCard.htm?actionNegativeCard=listAll" />
	<definition name="page.ipblockRefresh" template="/IPBlock.htm?actionIPBlock=listAll" />
	<definition name="page.mcausergrp" template="/McaGroup.htm?actionMcaGroup=listAll" />
	<definition name="page.usrRole" template="/userrole.htm?actionparam=listRole" /> 
	<definition name="page.billingFeesRefresh" template="/billingFees.htm?actionparam=listBillingFees" />
	<definition name="page.otpuploadfresh" template="/OTPUpload.htm?actionparam=listOtp" />
	<definition name="page.maestroBatchUploadRefresh" template="/maestrobatch.htm?actionparam=maestroUploadScreen&amp;uploadview=1" />
	
	Commented for Tiles definition migratated from tiles 1.1 to 2.0 Ends-->
	
	<!-- <definition name="page.m24StationRefresh" template="/m24Station.htm?param=listM24Station" /> -->
	<!-- <definition name="page.jmsConfigRefresh" template="/JMSConfig.htm?config=list" /> -->
	<!-- <definition name="page.m24Refresh" template="/m24Station.htm?param=listM24Station" /> -->
	
	
	<definition name="page.refreshPage" extends="base.definition">
		<put-attribute name="title" value="PG - RefreshPage" />
		<put-attribute name="body" value="/jsp/refreshpage.jsp" />
	</definition>
		<definition name="page.csrfredirectPage" extends="base.definition">
		<put-attribute name="title" value="PG - RedirectPage" />
		<put-attribute name="body" value="/jsp/csrfredirectpage.jsp" />
	</definition>
	<definition name="page.batchrefreshPage" extends="base.definition">
		<put-attribute name="title" value="PG - RefreshPage" />
		<put-attribute name="body" value="/jsp/batchrefreshpage.jsp" />
	</definition>
	
	<!-- Start of Audit History Report -->
	<definition name="page.audithistoryreport" extends="base.definition">
		<put-attribute name="title" value="Audit History Report" />
		<put-attribute name="body" value="/views/report/bankreports/AuditHistoryReport.jsp" />
	</definition>
	<!-- End of Audit History Report -->
	
	<!-- Start of Violated Terminals Report -->
	<definition name="page.violatedterminallist"
		extends="base.definition">
		<put-attribute name="title" value="PG - Payment Page" />
		<put-attribute name="body"
			value="/views/report/bankreports/violatedTerminalslist.jsp" />
	</definition>
	<!-- End of Violated Terminals Report -->
	
	<definition name="page.instpaymentpageview"
		extends="base.definition">
		<put-attribute name="title" value="Payment Page" />
		<!-- <put-attribute name="body"
			value="/views/merchant/PaymentPageView.jsp" /> -->
			<put-attribute name="body"
			value="/views/merchant/PaymentPagePreview.jsp" />
	</definition>
	
	<!-- Start Of  Maestro Batch Upload -->
	<definition name="page.maestroBatchUploadView"
		extends="base.definition">
		<put-attribute name="title" value="Maestro Refund Batch Upload" />
		<put-attribute name="body"
			value="/views/inst/master/MaestroBatchUpload.jsp" />
	</definition>
	
	
	
	<definition name="page.maestrobatchrefreshPage" extends="base.definition">
		<put-attribute name="title" value="PG - RefreshPage" />
		<put-attribute name="body" value="/jsp/maestroBatchrefreshpage.jsp" />
	</definition>
	
	<definition name="page.maestrobatchview" extends="base.definition">
		<put-attribute name="title" value="Maestro Refund Batch Upload" />
		<put-attribute name="body" value="/views/inst/master/MaestroBatchView.jsp" />
	</definition>
	
	<!--  Ends Maestro Batch Upload -->
	
	<definition name="page.uploadotp" extends="base.definition">
		<put-attribute name="title" value="Upload OTP" />
		<put-attribute name="body" value="/views/inst/master/UploadOTP.jsp" />
	</definition>
	
	<definition name="page.registerotp"
		extends="base.definition">
		<put-attribute name="title" value="OTP Registration" />
		<put-attribute name="body" value="/views/inst/master/RegisterOTP.jsp" />
	</definition>
	
	<definition name="page.addotpdetails"
		extends="base.definition">
		<put-attribute name="title" value="OTP Registration" />
		<put-attribute name="body" value="/views/inst/master/AddOTP.jsp" />
	</definition>
	
	<definition name="page.editotpdetails"
		extends="base.definition">
		<put-attribute name="title" value="OTP Registration" />
		<put-attribute name="body" value="/views/inst/master/EditOTP.jsp" />
	</definition>
	
	<definition name="page.listotpdetails"
		extends="base.definition">
		<put-attribute name="title" value="OTP Upload Process" />
		<put-attribute name="body" value="/views/inst/master/ListOtpUpload.jsp" />
	</definition>
	
	<definition name="page.otprefreshpage" extends="base.definition">
		<put-attribute name="title" value="PG - RefreshPage" />
		<put-attribute name="body" value="/jsp/otprefreshpage.jsp" />
	</definition>
	
	<!-- For Otp -->
	<definition name="page.otpConfig" extends="base.definition">
		<put-attribute name="title" value="OTP Configuration" />
		<put-attribute name="body" value="/views/inst/master/OtpConfig.jsp" />
	</definition>
<!-- End -->

<!-- For FC DeRegistration-->
	<definition name="page.deregisterfc" extends="base.definition">
		<put-attribute name="title" value="Faster Checkout DeRegistration" />
		<put-attribute name="body" value="/views/inst/master/FCDeRegister.jsp" />
	</definition>
<!-- End -->
<!-- Start Of Iremitter  Batch Upload -->
	<definition name="page.iRemitterbatchUploadView"
		extends="base.definition">
		<put-attribute name="title" value="iRemit Batch Upload" />
		<put-attribute name="body"
			value="/views/inst/master/IremitterBatchUpload.jsp" />
	</definition>
	
	<!--  Ends Iremitter Batch Upload -->

	
	<definition name="page.searchtrxns" extends="base.definition">
		<put-attribute name="title" value="Search Transaction" />
		<put-attribute name="body" value="/views/transaction/searchtrxns/viewSearchTrxns.jsp" />
	</definition>
	<definition name="page.searchTrxnsList" extends="base.definition">
		<put-attribute name="title" value="Search Transactions List" />
		<put-attribute name="body"  value="/views/transaction/searchtrxns/SearchedTrxns.jsp" />
	</definition>
	
	
</tiles-definitions>