<?xml version="1.0" encoding="UTF-8" ?>
<!DOCTYPE log4j:configuration SYSTEM "log4j.dtd">

<log4j:configuration xmlns:log4j="http://jakarta.apache.org/log4j/">

	<appender name="CONSOLE" class="org.apache.log4j.ConsoleAppender">
		<layout class="org.apache.log4j.PatternLayout">
			<param name="ConversionPattern" value="%m%n" />
		</layout>
	</appender>

	<appender name="Exception" class="com.fss.commons.utils.CompositeRollingAppender">
		<param name="File" value='/oabpg/pglogs/InAndOutLogError.log' />
		<param name="DatePattern" value="'.'dd-MM-yyyy" />
		<param name="MaxFileSize" value="100MB" />
		<param name="MaxSizeRollBackups" value="100" />
		<param name="staticLogFileName" value="false" />
		<layout class="org.apache.log4j.PatternLayout">
			<param name="ConversionPattern" value="%d{dd:MM:yyyy HH:mm:ss} - %C{1} (%M:%L) - %m%n" />
		</layout>
	</appender>

	<appender name="TRACE"
		class="com.fss.commons.utils.CompositeRollingAppender">
		<param name="File" value='/oabpg/pglogs/InAndOutLog.log' />
		<param name="DatePattern" value="'.'dd-MM-yyyy" />
		<param name="MaxFileSize" value="100MB" />
		<param name="MaxSizeRollBackups" value="100" />
		<param name="staticLogFileName" value="false" />
		<layout class="org.apache.log4j.PatternLayout">
			<param name="ConversionPattern" value="%d{ISO8601}  %c  %l [%t] %x - %m%n" />
		</layout>
	</appender>
	<logger name="com.src.error" additivity="false">
		<level value="ALL" />
		<appender-ref ref="Exception" />
	</logger>
	<logger name="com.src.trace" additivity="false">
		<level value="ALL" />
		<appender-ref ref="TRACE" />
	</logger>
	<root>
		<level value="WARN" />
		<appender-ref ref="CONSOLE" />
	</root>

</log4j:configuration>
