<?xml version="1.0" encoding="UTF-8" ?>
<Configuration>
	<Appenders>
		<RollingFile name="Exception"
			fileName="S:\\OAB_Projects\\development\\logs\\webserver\\InAndOutLogError.log"
			filePattern="S:\\OAB_Projects\\development\\logs\\webserver\\prev\\InAndOutLogError.%d{dd-MM-yyyy}.log.%i">
			<PatternLayout>
				<Pattern>%d %c [%t] - %m%n</Pattern>
			</PatternLayout>
			<Policies>
				<TimeBasedTriggeringPolicy interval="1"
					modulate="false" />
				<SizeBasedTriggeringPolicy size="100 MB" />
			</Policies>
			<DefaultRolloverStrategy fileIndex="nomax" />
		</RollingFile>

		<RollingFile name="TRACE"
			fileName="S:\\OAB_Projects\\development\\logs\\webserver\\InAndOutLog.log"
			filePattern="S:\\OAB_Projects\\development\\logs\\webserver\\prev\\InAndOutLog.%d{dd-MM-yyyy}.log.%i">
			<PatternLayout>
				<Pattern>%d %c [%t] - %m%n</Pattern>
			</PatternLayout>
			<Policies>
				<TimeBasedTriggeringPolicy interval="1"
					modulate="false" />
				<SizeBasedTriggeringPolicy size="100 MB" />
			</Policies>
			<DefaultRolloverStrategy fileIndex="nomax" />
		</RollingFile>
	</Appenders>
	<Loggers>

		<logger name="com.src.error" level="ALL" additivity="false">
			<appender-ref ref="Exception" level="ALL" />
		</logger>

		<logger name="com.src.trace" level="ALL" additivity="false">
			<appender-ref ref="TRACE" level="ALL" />
		</logger>

		<root>
			<appender-ref ref="CONSOLE" level="WARN" />
		</root>
	</Loggers>
</Configuration>