<?xml version="1.0" encoding="UTF-8" ?>
<Configuration>
	<Appenders>
		<RollingFile name="Exception" fileName="/oabpgapp/pglogs/trxns/iPayError.log" filePattern="/oabpgapp/pglogs/trxns/prev/iPayError.%d{dd-MM-yyyy}.log.%i">
			<PatternLayout> <Pattern>%d %c [%t] - %m%n</Pattern> </PatternLayout>
			<Policies>
				<TimeBasedTriggeringPolicy interval="1" modulate="false" />
				<SizeBasedTriggeringPolicy size="100 MB" />
			</Policies>
			<DefaultRolloverStrategy fileIndex="nomax" />
		</RollingFile>
		
		<RollingFile name="TRACE" fileName="/oabpgapp/pglogs/trxns/iPayTrace.log" filePattern="/oabpgapp/pglogs/trxns/prev/iPayTrace.%d{dd-MM-yyyy}.log.%i">
			<PatternLayout> <Pattern>%d %c [%t] - %m%n</Pattern> </PatternLayout>
			<Policies>
				<TimeBasedTriggeringPolicy interval="1" modulate="false" />
				<SizeBasedTriggeringPolicy size="100 MB" />
			</Policies>
			<DefaultRolloverStrategy fileIndex="nomax" />
		</RollingFile>

		<RollingFile name="DATABASE" fileName="/oabpgapp/pglogs/trxns/iPayAllTranLog.log" filePattern="/oabpgapp/pglogs/trxns/prev/iPayAllTranLog.%d{dd-MM-yyyy}.log.%i">
			<PatternLayout> <Pattern>%d %c [%t] - %m%n</Pattern> </PatternLayout>
			<Policies>
				<TimeBasedTriggeringPolicy interval="1" modulate="false" />
				<SizeBasedTriggeringPolicy size="100 MB" />
			</Policies>
			<DefaultRolloverStrategy fileIndex="nomax" />
		</RollingFile>
		<RollingFile name="DBERROR" fileName="/oabpgapp/pglogs/trxns/iPayTranLogInfo.log" filePattern="/oabpgapp/pglogs/trxns/prev/iPayTranLogInfo.%d{dd-MM-yyyy}.log.%i">
			<PatternLayout> <Pattern>%d %c [%t] - %m%n</Pattern> </PatternLayout>
			<Policies>
				<TimeBasedTriggeringPolicy interval="1" modulate="false" />
				<SizeBasedTriggeringPolicy size="100 MB" />
			</Policies>
			<DefaultRolloverStrategy fileIndex="nomax" />
		</RollingFile>
	
		<RollingFile name="BEFOREBASE24Log" fileName="/oabpgapp/pglogs/trxns/BeforeSendingToBase24Log.log" filePattern="/oabpgapp/pglogs/trxns/prev/BeforeSendingToBase24Log.%d{dd-MM-yyyy}.log.%i">
			<PatternLayout> <Pattern>%d %c [%t] - %m%n</Pattern> </PatternLayout>
			<Policies>
				<TimeBasedTriggeringPolicy interval="1" modulate="false" />
				<SizeBasedTriggeringPolicy size="100 MB" />
			</Policies>
			<DefaultRolloverStrategy fileIndex="nomax" />
		</RollingFile>
		
		<RollingFile name="TRANSACTION" fileName="/oabpgapp/pglogs/trxns/iPayTransaction.log" filePattern="/oabpgapp/pglogs/trxns/prev/iPayTransaction.%d{dd-MM-yyyy}.log.%i">
			<PatternLayout> <Pattern>%d %c [%t] - %m%n</Pattern> </PatternLayout>
			<Policies>
				<TimeBasedTriggeringPolicy interval="1" modulate="false" />
				<SizeBasedTriggeringPolicy size="100 MB" />
			</Policies>
			<DefaultRolloverStrategy fileIndex="nomax" />
		</RollingFile>
	
		<RollingFile name="TransactionException" fileName="/oabpgapp/pglogs/trxns/iPayTransactionError.log" filePattern="/oabpgapp/pglogs/trxns/prev/iPayTransactionError.%d{dd-MM-yyyy}.log.%i">
			<PatternLayout> <Pattern>%d %c [%t] - %m%n</Pattern> </PatternLayout>
			<Policies>
				<TimeBasedTriggeringPolicy interval="1" modulate="false" />
				<SizeBasedTriggeringPolicy size="100 MB" />
			</Policies>
			<DefaultRolloverStrategy fileIndex="nomax" />
		</RollingFile>
	
		<RollingFile name="BatchException" fileName="/oabpgapp/pglogs/trxns/iPayBatchError.log" filePattern="/oabpgapp/pglogs/trxns/prev/iPayBatchError.%d{dd-MM-yyyy}.log.%i">
			<PatternLayout> <Pattern>%d %c [%t] - %m%n</Pattern> </PatternLayout>
			<Policies>
				<TimeBasedTriggeringPolicy interval="1" modulate="false" />
				<SizeBasedTriggeringPolicy size="100 MB" />
			</Policies>
			<DefaultRolloverStrategy fileIndex="nomax" />
		</RollingFile>

		<RollingFile name="BatchTRACE" fileName="/oabpgapp/pglogs/trxns/iPayBatchTrace.log" filePattern="/oabpgapp/pglogs/trxns/prev/iPayBatchTrace.%d{dd-MM-yyyy}.log.%i">
			<PatternLayout> <Pattern>%d %c [%t] - %m%n</Pattern> </PatternLayout>
			<Policies>
				<TimeBasedTriggeringPolicy interval="1" modulate="false" />
				<SizeBasedTriggeringPolicy size="100 MB" />
			</Policies>
			<DefaultRolloverStrategy fileIndex="nomax" />
		</RollingFile>

		<RollingFile name="OpeN2switchLog" fileName="/oabpgapp/pglogs/trxns/OpeN2switchLog.log" filePattern="/oabpgapp/pglogs/trxns/prev/OpeN2switchLog.%d{dd-MM-yyyy}.log.%i">
			<PatternLayout> <Pattern>%d %c [%t] - %m%n</Pattern> </PatternLayout>
			<Policies>
				<TimeBasedTriggeringPolicy interval="1" modulate="false" />
				<SizeBasedTriggeringPolicy size="100 MB" />
			</Policies>
			<DefaultRolloverStrategy fileIndex="nomax" />
		</RollingFile>

		<RollingFile name="csrfLog" fileName="/oabpgapp/pglogs/trxns/csrfLog.log" filePattern="/oabpgapp/pglogs/trxns/prev/csrfLog.%d{dd-MM-yyyy}.log.%i">
			<PatternLayout> <Pattern>%d %c [%t] - %m%n</Pattern> </PatternLayout>
			<Policies>
				<TimeBasedTriggeringPolicy interval="1" modulate="false" />
				<SizeBasedTriggeringPolicy size="100 MB" />
			</Policies>
			<DefaultRolloverStrategy fileIndex="nomax" />
		</RollingFile>
	</Appenders>
	<Loggers>
		
		<logger name="com.src.error" level="ALL" additivity="false">
			<appender-ref ref="Exception" level="ALL" />
		</logger>
		
		<logger name="com.src.trace" level="ALL" additivity="false">
			<appender-ref ref="TRACE" level="ALL" />
		</logger>

		<logger name="com.src.transaction" level="ALL" additivity="false">
			<appender-ref ref="TRANSACTION" level="ALL" />
		</logger>
		
		<logger name="com.src.transactionerror" level="ALL" additivity="false">
			<appender-ref ref="TransactionException" level="ALL" />
		</logger>
		<logger name="com.src.batcherror" level="ALL" additivity="false">
			<appender-ref ref="BatchException" level="ALL" />
		</logger>
		
		<logger name="com.src.batchtrace" level="ALL" additivity="false">
			<appender-ref ref="BatchTRACE" level="ALL" />
		</logger>

		<logger name="com.src.DB" level="ALL" additivity="false">
			<appender-ref ref="DATABASE" level="ALL" />
		</logger>
		
		<logger name="com.src.DBError" level="ALL" additivity="false">
			<appender-ref ref="DBERROR" level="ALL" />
		</logger>
		
		<logger name="com.src.B24" level="ALL"  additivity="false">
			<appender-ref ref="BEFOREBASE24Log" level="ALL" />
		</logger>
		<logger name="com.src.OpeN2switchLog" level="ALL" additivity="false">
			<appender-ref ref="OpeN2switchLog" level="ALL" />
		</logger>
		<logger name="com.src.csrf.trace" level="ALL" additivity="false">
			<appender-ref ref="csrfLog" level="ALL" />
		</logger>
	</Loggers>
</Configuration>